{
    "id": "barbrawl",
    "title": "Bar Brawl",
    "description": "Adds additional options for displaying multiple resource bars on a token.",
    "version": "1.7.8",
    "compatibility": {"minimum": "10.284", "verified": "10.291"},
    "authors": [{"name": "Adrian Haberecht"}],
    "esmodules": ["barbrawl.js"],
    "styles": ["styles/attributeHud.css"],
    "languages": [
        {"lang": "de", "name": "Deutsch", "path": "lang/de.json", "flags": {}},
        {"lang": "en", "name": "English", "path": "lang/en.json", "flags": {}},
        {"lang": "ja", "name": "日本語", "path": "lang/ja.json", "flags": {}},
        {"lang": "ko", "name": "한국어", "path": "lang/ko.json", "flags": {}}
    ],
    "url": "https://gitlab.com/kuenaimaku/foundryvtt-bar-brawl",
    "manifest": "https://gitlab.com/woodentavern/foundryvtt-bar-brawl/-/raw/master/src/module.json",
    "download": "https://gitlab.com/api/v4/projects/22486994/packages/generic/barbrawl/1.7.8/barbrawl-v1.7.8.zip",
    "license": "https://gitlab.com/kuenaimaku/foundryvtt-bar-brawl/-/blob/master/LICENSE",
    "readme": "https://gitlab.com/kuenaimaku/foundryvtt-bar-brawl/-/blob/master/README.md",
    "bugs": "https://gitlab.com/kuenaimaku/foundryvtt-bar-brawl/-/issues",
    "changelog": "https://gitlab.com/kuenaimaku/foundryvtt-bar-brawl/-/blob/master/CHANGELOG.md"
}